"TwitterUserName","TwitterUser","TwitterUrl","TwitterElement","MastodonUser","MastodonInstance","MastodonAccountAddress","MastodonUrl","IsValidDomain"
"_AlexYates_","Alex Yates (Probably)","https://twitter.com/_AlexYates_","Description","@ay","awscommunity.social","@ay@awscommunity.social","https://awscommunity.social/@ay","True"
"AdiPolak","Adi Polak @adipolak@mastodon.online","https://twitter.com/AdiPolak","Name","@adipolak","mastodon.online","@adipolak@mastodon.online","https://mastodon.online/@adipolak","True"
"aiddya","Ashanka Iddya @aiddya@infosec.exchange","https://twitter.com/aiddya","Name","@aiddya","infosec.exchange","@aiddya@infosec.exchange","https://infosec.exchange/@aiddya","True"
"allison_horst","Allison Horst @allison_horst@mastodon.social","https://twitter.com/allison_horst","Name","@allison_horst","mastodon.social","@allison_horst@mastodon.social","https://mastodon.social/@allison_horst","True"
"anandVragav","Anand","https://twitter.com/anandVragav","UrlEntity","@anandv","fosstodon.org","@anandv@fosstodon.org","https://fosstodon.org/@anandv","True"
"andrewconnell","Andrew Connell 🏁🚀🤓🇺🇸","https://twitter.com/andrewconnell","Description","@andrewconnell","mastodon.world","@andrewconnell@mastodon.world","https://mastodon.world/@andrewconnell","True"
"avatorl","Andrzej Leszkiewicz 🇵🇱🇺🇦","https://twitter.com/avatorl","UrlEntity","@avatorl","techhub.social","@avatorl@techhub.social","https://techhub.social/@avatorl","True"
"bertilsy","Bertil Syamken 🇺🇦","https://twitter.com/bertilsy","Description","@bertilsy","dataplatform.social.","@bertilsy@dataplatform.social","https://dataplatform.social./@bertilsy","True"
"BethMassi","Beth Massi","https://twitter.com/BethMassi","UrlEntity","@BethMassi","noc.social","@BethMassi@noc.social","https://noc.social/@BethMassi","True"
"bketelsen","Brian Ketelsen","https://twitter.com/bketelsen","Description","@bketelsen","tty0.social","@bketelsen@tty0.social","https://tty0.social/@bketelsen","True"
"blowdart","Barry Dorrans","https://twitter.com/blowdart","Description","@blowdart","mastodon.social","@blowdart@mastodon.social","https://mastodon.social/@blowdart","True"
"bndktgrs","Benedikt Groß → @bndktgrs@mstdn.social","https://twitter.com/bndktgrs","Name","@bndktgrs","mstdn.social","@bndktgrs@mstdn.social","https://mstdn.social/@bndktgrs","True"
"bobgourley","Bob Gourley","https://twitter.com/bobgourley","Description","@BobGourley","defcon.social","@BobGourley@defcon.social","https://defcon.social/@BobGourley","True"
"briankrebs","briankrebs","https://twitter.com/briankrebs","UrlEntity","@briankrebs","infosec.exchange","@briankrebs@infosec.exchange","https://infosec.exchange/@briankrebs","True"
"bridgetkromhout","Bridget Kromhout","https://twitter.com/bridgetkromhout","Description","@bridgetkromhout","hachyderm.io","@bridgetkromhout@hachyderm.io","https://hachyderm.io/@bridgetkromhout","True"
"bweissman","Ben Weissman (he/him)","https://twitter.com/bweissman","Description","@bweissman","dataplatform.social","@bweissman@dataplatform.social","https://dataplatform.social/@bweissman","True"
"cathrinew","Cathrine Wilhelmsen","https://twitter.com/cathrinew","UrlEntity","@cathrinew","dataplatform.social","@cathrinew@dataplatform.social","https://dataplatform.social/@cathrinew","True"
"chambernate","Nate Chamberlain","https://twitter.com/chambernate","UrlEntity","@chambernate","mastodon.social","@chambernate@mastodon.social","https://mastodon.social/@chambernate","True"
"cindyalvarez","Cindy Alvarez @cindyalvarez@mastodon.social","https://twitter.com/cindyalvarez","Name","@cindyalvarez","mastodon.social","@cindyalvarez@mastodon.social","https://mastodon.social/@cindyalvarez","True"
"ClaudioESSilva","Cláudio Silva","https://twitter.com/ClaudioESSilva","Description","@claudioessilva","dataplatform.social","@claudioessilva@dataplatform.social","https://dataplatform.social/@claudioessilva","True"
"CPorteous","Craig Porteous","https://twitter.com/CPorteous","Description","@cporteous","techhub.social","@cporteous@techhub.social","https://techhub.social/@cporteous","True"
"cwebb_bi","Christopher Webb","https://twitter.com/cwebb_bi","Description","@chrisw3bb","vivaldi.net","@chrisw3bb@vivaldi.net","https://vivaldi.net/@chrisw3bb","True"
"cwoodruff","Chris Woodruff ""Woody""","https://twitter.com/cwoodruff","UrlEntity","@cwoodruff","mastodon.social","@cwoodruff@mastodon.social","https://mastodon.social/@cwoodruff","True"
"daronyondem","Daron Yondem","https://twitter.com/daronyondem","Description","@daron","yondem.com","@daron@yondem.com","https://yondem.com/@daron","True"
"dataandme","Mara Averick","https://twitter.com/dataandme","Description","@dataandme","mstdn.social","@dataandme@mstdn.social","https://mstdn.social/@dataandme","True"
"DataScotland","DATA:Scotland","https://twitter.com/DataScotland","Description","@DataScotland","techhub.social","@DataScotland@techhub.social","https://techhub.social/@DataScotland","True"
"davidortinau","@davidortinau@noc.social","https://twitter.com/davidortinau","Name","@davidortinau","noc.social","@davidortinau@noc.social","https://noc.social/@davidortinau","True"
"dbafromthecold","Andrew Pruski 🏴󠁧󠁢󠁷󠁬󠁳󠁿 🇮🇪","https://twitter.com/dbafromthecold","UrlEntity","@dbafromthecold","dataplatform.social","@dbafromthecold@dataplatform.social","https://dataplatform.social/@dbafromthecold","True"
"DBArgenis","Argenis Fernandez | @argenis@mas.to","https://twitter.com/DBArgenis","Name","@argenis","mas.to","@argenis@mas.to","https://mas.to/@argenis","True"
"ddalgleish","Debra Dalgleish","https://twitter.com/ddalgleish","UrlEntity","@ddalgleish","mastodon.social","@ddalgleish@mastodon.social","https://mastodon.social/@ddalgleish","True"
"dennylee","dennylee","https://twitter.com/dennylee","Description","@dennyglee","hacky.town","@dennyglee@hacky.town","https://hacky.town/@dennyglee","True"
"DerFredo","Thomas Hütter • 🇩🇪","https://twitter.com/DerFredo","Description","@DerFredo","techhub.social","@DerFredo@techhub.social","https://techhub.social/@DerFredo","True"
"dgmelkin","Deborah Melkin","https://twitter.com/dgmelkin","Description","@dgmelkin","dataplatform.social","@dgmelkin@dataplatform.social","https://dataplatform.social/@dgmelkin","True"
"DonaldTreeHive","Donald Farmer","https://twitter.com/DonaldTreeHive","Description","@DonaldTreeHive","mastodon.scot","@DonaldTreeHive@mastodon.scot","https://mastodon.scot/@DonaldTreeHive","True"
"editingemily","emily freeman 🇺🇸🇺🇦","https://twitter.com/editingemily","Description","@emilyfreeman","hachyderm.io","@emilyfreeman@hachyderm.io","https://hachyderm.io/@emilyfreeman","True"
"EposVox","@eposvox@glitch.lgbt","https://twitter.com/EposVox","Name","@eposvox","glitch.lgbt","@eposvox@glitch.lgbt","https://glitch.lgbt/@eposvox","True"
"EricaToelle","Erica Toelle","https://twitter.com/EricaToelle","UrlEntity","@ericatoelle","infosec.exchange","@ericatoelle@infosec.exchange","https://infosec.exchange/@ericatoelle","True"
"erinstellato","Erin Stellato","https://twitter.com/erinstellato","Description","@erinstellato","mas.to","@erinstellato@mas.to","https://mas.to/@erinstellato","True"
"film_girl","Christina Warren","https://twitter.com/film_girl","Description","@film_girl","mastodon.social","@film_girl@mastodon.social","https://mastodon.social/@film_girl","True"
"gabe_monroy","Gabe Monroy","https://twitter.com/gabe_monroy","Description","@gabe","hachyderm.io","@gabe@hachyderm.io","https://hachyderm.io/@gabe","True"
"GastonFCruz","Gaston Cruz @Slalom @gastoncruz@mastodon.social","https://twitter.com/GastonFCruz","Name","@gastoncruz","mastodon.social","@gastoncruz@mastodon.social","https://mastodon.social/@gastoncruz","True"
"geo_walters","George Walters","https://twitter.com/geo_walters","Description","@geo_walters","c.im","@geo_walters@c.im","https://c.im/@geo_walters","True"
"girlgerms","👩‍💻🧙‍♀️ Jess 'GirlGerms' Dodson (5x💉)","https://twitter.com/girlgerms","Description","@girlgerms","infosec.exchange","@girlgerms@infosec.exchange","https://infosec.exchange/@girlgerms","True"
"GlennAlanBerry","Glenn Berry (@GlennAlanBerry@techhub.social)","https://twitter.com/GlennAlanBerry","Name","@GlennAlanBerry","techhub.social","@GlennAlanBerry@techhub.social","https://techhub.social/@GlennAlanBerry","True"
"GreyskullPBI","Johnny Winter (Greyskull Analytics)","https://twitter.com/GreyskullPBI","Description","@GreyskullPBI","techhub.social","@GreyskullPBI@techhub.social","https://techhub.social/@GreyskullPBI","True"
"grrl_geek","Jes Schultz 🏳️‍🌈","https://twitter.com/grrl_geek","Description","@grrl_geek","mastodon.world","@grrl_geek@mastodon.world","https://mastodon.world/@grrl_geek","True"
"HowardvRooijen","Howard van Rooijen","https://twitter.com/HowardvRooijen","Description","@HowardvRooijen","mastodon.social","@HowardvRooijen@mastodon.social","https://mastodon.social/@HowardvRooijen","True"
"intoleranse","Johan Ludvig Brattås","https://twitter.com/intoleranse","Description","@SQLClause","dataplatform.social","@SQLClause@dataplatform.social","https://dataplatform.social/@SQLClause","True"
"JamesDBartlett3","James Bartlett","https://twitter.com/JamesDBartlett3","Description","@JamesDBartlett3","techhub.social","@JamesDBartlett3@techhub.social","https://techhub.social/@JamesDBartlett3","True"
"JennyBryan","Jenny Bryan","https://twitter.com/JennyBryan","Description","@jennybryan","fosstodon.org","@jennybryan@fosstodon.org","https://fosstodon.org/@jennybryan","True"
"JKerski","John Kerski","https://twitter.com/JKerski","Description","@jkerski","mastodon.tech","@jkerski@mastodon.tech","https://mastodon.tech/@jkerski","True"
"jongalloway","Jon Galloway","https://twitter.com/jongalloway","Description","@jongalloway","mastodon.social","@jongalloway@mastodon.social","https://mastodon.social/@jongalloway","True"
"jorisdg","Joris de Gruyter","https://twitter.com/jorisdg","Description","@interface","mastodon.gamedev.place","@interface@mastodon.gamedev.place","https://mastodon.gamedev.place/@interface","True"
"Jorriss","Richie 👀 @jorriss@techhub.social","https://twitter.com/Jorriss","Name","@jorriss","techhub.social","@jorriss@techhub.social","https://techhub.social/@jorriss","True"
"justblindbaek","Just Blindbæk","https://twitter.com/justblindbaek","Description","@justB","techhub.social","@justB@techhub.social","https://techhub.social/@justB","True"
"kaflurbaleen","Dr. Kathleen Tuite","https://twitter.com/kaflurbaleen","Description","@kaflurbaleen","mastodon.social","@kaflurbaleen@mastodon.social","https://mastodon.social/@kaflurbaleen","True"
"KaySauter","Kay Sauter (he/him)","https://twitter.com/KaySauter","Description","@kaysauter","tech.lgbt.","@kaysauter@tech.lgbt","https://tech.lgbt./@kaysauter","True"
"kaythaney","Kaitlin Thaney 😷 @kaythaney@indieweb.social","https://twitter.com/kaythaney","Name","@kaythaney","indieweb.social","@kaythaney@indieweb.social","https://indieweb.social/@kaythaney","True"
"Kevin3NF","🚲 SQL Cyclist 🚵🏼‍♂️ BLM he/him","https://twitter.com/Kevin3NF","Description","@kevin3NF","techhub.social","@kevin3NF@techhub.social","https://techhub.social/@kevin3NF","True"
"kiewic","Gilberto S.","https://twitter.com/kiewic","Description","@kiewic","mastodon.social","@kiewic@mastodon.social","https://mastodon.social/@kiewic","True"
"Kjonge","Kasper de Jonge","https://twitter.com/Kjonge","Description","@kjonge","techhub.social","@kjonge@techhub.social","https://techhub.social/@kjonge","True"
"Ko_Ver","Koen Verbeeck 🇺🇦 🌈","https://twitter.com/Ko_Ver","Description","@koen","dataplatform.social.","@koen@dataplatform.social","https://dataplatform.social./@koen","True"
"kvlly","Kelly Vaughn","https://twitter.com/kvlly","UrlEntity","@kvlly","hachyderm.io","@kvlly@hachyderm.io","https://hachyderm.io/@kvlly","True"
"LBugnion","Laurent Bugnion didn't pay for the","https://twitter.com/LBugnion","UrlEntity","@LBugnion","mastodon.social","@LBugnion@mastodon.social","https://mastodon.social/@LBugnion","True"
"LindaStone","Linda Stone","https://twitter.com/LindaStone","UrlEntity","@LindaStone","mastodon.social","@LindaStone@mastodon.social","https://mastodon.social/@LindaStone","True"
"lisafederer","Lisa Federer, PhD @lisafederer@mastodon.social","https://twitter.com/lisafederer","Name","@lisafederer","mastodon.social","@lisafederer@mastodon.social","https://mastodon.social/@lisafederer","True"
"ma_salmon","Maëlle Salmon","https://twitter.com/ma_salmon","Description","@maelle","mastodon.social.","@maelle@mastodon.social","https://mastodon.social./@maelle","True"
"martinwoodward","Martin Woodward","https://twitter.com/martinwoodward","UrlEntity","@martinwoodward","hachyderm.io","@martinwoodward@hachyderm.io","https://hachyderm.io/@martinwoodward","True"
"merill","Merill Fernando","https://twitter.com/merill","Description","@merill","infosec.exchange","@merill@infosec.exchange","https://infosec.exchange/@merill","True"
"Milhouse","Donald Parish","https://twitter.com/Milhouse","UrlEntity","@DonaldParish","techhub.social","@DonaldParish@techhub.social","https://techhub.social/@DonaldParish","True"
"MMarie","Meagan Longoria","https://twitter.com/MMarie","Description","@mmarie","techhub.social","@mmarie@techhub.social","https://techhub.social/@mmarie","True"
"MsSQLGirl","Julie Koesmarno - @mssqlgirl@techhub.social","https://twitter.com/MsSQLGirl","Name","@mssqlgirl","techhub.social","@mssqlgirl@techhub.social","https://techhub.social/@mssqlgirl","True"
"mthierba","Mathias Thierbach 🇺🇦","https://twitter.com/mthierba","UrlEntity","@mthierba","dataplatform.social","@mthierba@dataplatform.social","https://dataplatform.social/@mthierba","True"
"nocentino","Anthony E. Nocentino","https://twitter.com/nocentino","UrlEntity","@nocentino","techhub.social","@nocentino@techhub.social","https://techhub.social/@nocentino","True"
"nthonyChu","Anthony Chu (@anthonychu@hachyderm.io)","https://twitter.com/nthonyChu","Name","@anthonychu","hachyderm.io","@anthonychu@hachyderm.io","https://hachyderm.io/@anthonychu","True"
"paulbatum","Paul Batum","https://twitter.com/paulbatum","Description","@paulbatum","hachyderm.io","@paulbatum@hachyderm.io","https://hachyderm.io/@paulbatum","True"
"PicardTips","Picard Tips","https://twitter.com/PicardTips","Description","@PicardTips","botsin.space","@PicardTips@botsin.space","https://botsin.space/@PicardTips","True"
"psdbatools","dbatools","https://twitter.com/psdbatools","Description","@dbatools","dataplatform.social","@dbatools@dataplatform.social","https://dataplatform.social/@dbatools","True"
"redevries","René de Vries","https://twitter.com/redevries","UrlEntity","@redevries","mastodon.social","@redevries@mastodon.social","https://mastodon.social/@redevries","True"
"revodavid","@nonfamous@sfba.social David Smith","https://twitter.com/revodavid","Name","@nonfamous","sfba.social","@nonfamous@sfba.social","https://sfba.social/@nonfamous","True"
"rikhepworth","Rik Hepworth | @rikhepworth@hachyderm.io","https://twitter.com/rikhepworth","Name","@rikhepworth","hachyderm.io","@rikhepworth@hachyderm.io","https://hachyderm.io/@rikhepworth","True"
"rob_farley","Rob Farley - @robf@mas.to","https://twitter.com/rob_farley","Name","@robf","mas.to","@robf@mas.to","https://mas.to/@robf","True"
"robertdmcneill","Robert Duncan McNeill","https://twitter.com/robertdmcneill","UrlEntity","@robertdmcneill","mastodon.world","@robertdmcneill@mastodon.world","https://mastodon.world/@robertdmcneill","True"
"ruthpozuelo","@ruthpozuelo@techhub.social","https://twitter.com/ruthpozuelo","Name","@ruthpozuelo","techhub.social","@ruthpozuelo@techhub.social","https://techhub.social/@ruthpozuelo","True"
"rynchantress","Ryn Daniels | @rynchantress@hachyderm.io","https://twitter.com/rynchantress","Name","@rynchantress","hachyderm.io","@rynchantress@hachyderm.io","https://hachyderm.io/@rynchantress","True"
"scottsewell","Scott Sewell - @ScottSewell@techhub.social","https://twitter.com/scottsewell","Name","@ScottSewell","techhub.social","@ScottSewell@techhub.social","https://techhub.social/@ScottSewell","True"
"SharePointMadam","Theresa Lubelski @techresa@techhub.social","https://twitter.com/SharePointMadam","Name","@techresa","techhub.social","@techresa@techhub.social","https://techhub.social/@techresa","True"
"ShawnWildermuth","@shawnwildermuth@fosstodon.org 🇺🇦","https://twitter.com/ShawnWildermuth","Name","@shawnwildermuth","fosstodon.org","@shawnwildermuth@fosstodon.org","https://fosstodon.org/@shawnwildermuth","True"
"simona_cotin","Simona Cotin 🇺🇦","https://twitter.com/simona_cotin","Description","@simona","hachyderm.io","@simona@hachyderm.io","https://hachyderm.io/@simona","True"
"sql_williamd","William Durkin (he/him)","https://twitter.com/sql_williamd","Description","@williamd","dataplatform.social","@williamd@dataplatform.social","https://dataplatform.social/@williamd","True"
"SQLAllFather","Matthew Roche","https://twitter.com/SQLAllFather","UrlEntity","@SQLAllFather","techhub.social","@SQLAllFather@techhub.social","https://techhub.social/@SQLAllFather","True"
"SQLBek","Andy Yun","https://twitter.com/SQLBek","Description","@SQLBek","techhub.social","@SQLBek@techhub.social","https://techhub.social/@SQLBek","True"
"SQLBits","SQLBits","https://twitter.com/SQLBits","Description","@SQLBits","dataplatform.social","@SQLBits@dataplatform.social","https://dataplatform.social/@SQLBits","True"
"SQLGene","Eugene Meidinger","https://twitter.com/SQLGene","Description","@Sqlgene","techhub.social","@Sqlgene@techhub.social","https://techhub.social/@Sqlgene","True"
"SQLRunr","Allen White @allenmwhite@dataplatform.social","https://twitter.com/SQLRunr","Name","@allenmwhite","dataplatform.social","@allenmwhite@dataplatform.social","https://dataplatform.social/@allenmwhite","True"
"SQLSocialite","Scott Stauffer 🇨🇦 @SQLSocialite@techhub.social","https://twitter.com/SQLSocialite","Name","@SQLSocialite","techhub.social","@SQLSocialite@techhub.social","https://techhub.social/@SQLSocialite","True"
"SQLSwimmer","Angela Henry @SQLSwimmer@dataplatform.social","https://twitter.com/SQLSwimmer","Name","@SQLSwimmer","dataplatform.social","@SQLSwimmer@dataplatform.social","https://dataplatform.social/@SQLSwimmer","True"
"SteveSyfuhs","Steve Syfuhs","https://twitter.com/SteveSyfuhs","Description","@SteveSyfuhs","hachyderm.io","@SteveSyfuhs@hachyderm.io","https://hachyderm.io/@SteveSyfuhs","True"
"sympmarc","Marc D Anderson","https://twitter.com/sympmarc","Description","@sympmarc","mas.to","@sympmarc@mas.to","https://mas.to/@sympmarc","True"
"terrajobst","Immo Landwerth @terrajobst@hachyderm.io","https://twitter.com/terrajobst","Name","@terrajobst","hachyderm.io","@terrajobst@hachyderm.io","https://hachyderm.io/@terrajobst","True"
"tggleeson","Tom","https://twitter.com/tggleeson","UrlEntity","@tggleeson","mastodon.ie","@tggleeson@mastodon.ie","https://mastodon.ie/@tggleeson","True"
"threddyrex","@threddyrex@mastodon.art","https://twitter.com/threddyrex","Name","@threddyrex","mastodon.art","@threddyrex@mastodon.art","https://mastodon.art/@threddyrex","True"
"venzann","Dave Dustin","https://twitter.com/venzann","UrlEntity","@venzann","mastodon.nz","@venzann@mastodon.nz","https://mastodon.nz/@venzann","True"
"visualisingdata","Andy Kirk","https://twitter.com/visualisingdata","UrlEntity","@andykirk","vis.social","@andykirk@vis.social","https://vis.social/@andykirk","True"
"VolkerBachmann","Volker Bachmann (he / him)","https://twitter.com/VolkerBachmann","Description","@VolkerBachmann","dataplatform.social","@VolkerBachmann@dataplatform.social","https://dataplatform.social/@VolkerBachmann","True"
"welshcuriosity","Jordan - now with added Mastodon","https://twitter.com/welshcuriosity","Description","@welshcuriosity","mastodon.lol","@welshcuriosity@mastodon.lol","https://mastodon.lol/@welshcuriosity","True"
"Will_MI77","Will Thompson (@MI77@mastodon.online)","https://twitter.com/Will_MI77","Name","@MI77","mastodon.online","@MI77@mastodon.online","https://mastodon.online/@MI77","True"
"wilreynolds","Wil Reynolds","https://twitter.com/wilreynolds","UrlEntity","@wilreynolds","mastodon.social","@wilreynolds@mastodon.social","https://mastodon.social/@wilreynolds","True"
"wisevis","Wisevis (also vis.social/@wisevis)","https://twitter.com/wisevis","UrlEntity","@wisevis","vis.social","@wisevis@vis.social","https://vis.social/@wisevis","True"
"yelperalp","Alper Sarikaya | @alper@vis.social","https://twitter.com/yelperalp","Name","@alper","vis.social","@alper@vis.social","https://vis.social/@alper","True"
"YetAnotherSQL","Pat Phelan","https://twitter.com/YetAnotherSQL","Description","@YetAnotherSQL","noc.social","@YetAnotherSQL@noc.social","https://noc.social/@YetAnotherSQL","True"
